-- Insert starter accounts
INSERT INTO account (id, name, email, password) VALUES
(1, 'Serena Lamblin', 'slamblin0@usnews.com', 'primis'),
(2, 'Taffy Tomasi', 'ttomasi1@twitpic.com', 'rhoncus'),
(3, 'Beau Axby', 'baxby2@acquirethisname.com', 'aliquam'),
(4, 'Shandy Cleave', 'scleave3@tinypic.com', 'ut'),
(5, 'Beret Stivens', 'bstivens4@senate.gov', 'morbi'),
(6, 'Robbert Coltan', 'rcoltan5@shareasale.com', 'primis'),
(7, 'Nelly Physic', 'nphysic6@liveinternet.ru', 'proin'),
(8, 'Niles Keddey', 'nkeddey7@netlog.com', 'sit'),
(9, 'Edithe Zecchinelli', 'ezecchinelli8@163.com', 'vitae'),
(10, 'Tiebold Lashley', 'tlashley9@rediff.com', 'donec'),
(11, 'Batsheva Davidzon', 'bdavidzona@unblog.fr', 'porttitor'),
(12, 'Claudell Jepson', 'cjepsonb@youku.com', 'consequat'),
(13, 'Kendrick Waller-Bridge', 'kwallerbridgec@tinypic.com', 'duis'),
(14, 'Clarissa Gulc', 'cgulcd@mozilla.com', 'montes'),
(15, 'Alanna Canny', 'acannye@xinhuanet.com', 'vestibulum'),
(16, 'Clem Conaghan', 'cconaghanf@google.com.au', 'vestibulum'),
(17, 'Griffie Summerscales', 'gsummerscalesg@unc.edu', 'nisi'),
(18, 'Deloris Elcott', 'delcotth@china.com.cn', 'ut'),
(19, 'Malcolm Le Grice', 'mlei@squidoo.com', 'magna'),
(20, 'Brig MacCallion', 'bmaccallionj@so-net.ne.jp', 'consequat'),
(21, 'Harv Hembrow', 'hhembrowk@census.gov', 'tincidunt'),
(22, 'Terese Ahren', 'tahrenl@buzzfeed.com', 'ante'),
(23, 'Byram Kenrat', 'bkenratm@engadget.com', 'ut'),
(24, 'Denis Dearlove', 'ddearloven@icio.us', 'in'),
(25, 'Fair Dawe', 'fdaweo@tripadvisor.com', 'vestibulum'),
(26, 'Raimondo Dawe', 'rdawep@123-reg.co.uk', 'nibh'),
(27, 'Cirilo Bruhnsen', 'cbruhnsenq@cnbc.com', 'mi'),
(28, 'Henrie Ceschi', 'hceschir@nifty.com', 'tellus'),
(29, 'Darby Flageul', 'dflageuls@mayoclinic.com', 'nibh'),
(30, 'Alane Bilney', 'abilneyt@last.fm', 'nec'),
(31, 'Madge Kingstne', 'mkingstneu@a8.net', 'maecenas'),
(32, 'Marion Willimott', 'mwillimottv@creativecommons.org', 'tellus'),
(33, 'Felecia McLelland', 'fmclellandw@narod.ru', 'non'),
(34, 'Kellsie Ferrarin', 'kferrarinx@springer.com', 'quis'),
(35, 'Demetre Hars', 'dharsy@constantcontact.com', 'vestibulum'),
(36, 'Christos Vurley', 'cvurleyz@bravesites.com', 'penatibus'),
(37, 'Mallissa Cookson', 'mcookson10@scribd.com', 'tortor'),
(38, 'Demetrius Dennes', 'ddennes11@tuttocitta.it', 'congue'),
(39, 'Christie Tschirasche', 'ctschirasche12@go.com', 'ultrices'),
(40, 'Nichol Paulig', 'npaulig13@tripod.com', 'nisl'),
(41, 'Rocky Gibbons', 'rgibbons14@amazon.co.jp', 'pharetra'),
(42, 'Andeee Matuskiewicz', 'amatuskiewicz15@archive.org', 'bibendum'),
(43, 'Way Kitching', 'wkitching16@nih.gov', 'sed'),
(44, 'Neile O''Corren', 'nocorren17@netlog.com', 'molestie'),
(45, 'Morton Bachs', 'mbachs18@creativecommons.org', 'quis'),
(46, 'Rennie Cowthard', 'rcowthard19@nature.com', 'ut'),
(47, 'Huntlee Moar', 'hmoar1a@bizjournals.com', 'in'),
(48, 'Waldemar Redihough', 'wredihough1b@paypal.com', 'sapien'),
(49, 'Sapphira Shewsmith', 'sshewsmith1c@virginia.edu', 'eget'),
(50, 'Ode Valerio', 'ovalerio1d@quantcast.com', 'quis'),
(51, 'Molly Member', 'molly@books.com', 'mollymember'),
(52, 'Anna Admin', 'anna@books.com', 'annaadmin');


-- Insert sample pins
INSERT INTO pin (id, creatorID, latitude, longitude, title, address, description, image, likes) VALUES
(1, 38, 37.3387, -121.8853, 'Welcome to Beacon!', 'Sixth Street Burger, 235, East Santa Clara Street, Horace Mann, San Jose, Santa Clara County, California, 95113, United States', 'Downtown SJ is buzzing! Try the smash burgers here and explore the tech culture vibe nearby.', 'https://images.unsplash.com/photo-1516192518150-0d8fee5425e3', 35),
(2, 44, 37.5485, -121.9883, 'Check this out', 'Fremont Boulevard, Centerville District, Fremont, Alameda County, California, 94536, United States', 'Centerville is Fremont''s best-kept secret! Amazing dim sum and historic charm on every block.', 'https://images.unsplash.com/photo-1518791841217-8f162f1e1131', 98),
(3, 41, 36.9905, -122.0584, 'Admin announcement', 'The Webster Way (uphill), University, Santa Cruz, Santa Cruz County, California, 95064, United States', 'UCSC campus vibes! Watch the fog roll over the redwoods while deer wander past your classes.', 'https://images.unsplash.com/photo-1558618666-fcd25c85cd64', 66),
(4, 33, 37.0483, -122.0168, 'New feature coming', '4550, Scotts Valley Drive, Scotts Valley, Santa Cruz County, California, 95066, United States', 'Gateway to the Santa Cruz mountains! Perfect for hiking, biking, and redwood adventures.', 'https://images.unsplash.com/photo-1533738363-b7f9aef128ce', 59),
(5, 23, 37.7749, -122.4194, 'San Francisco vibes', 'South Van Ness Avenue, Civic Center, San Francisco, California, 94103, United States', 'Heart of SF! Civic Center is bustling with culture, farmers markets on Sundays, and city energy.', 'https://images.unsplash.com/photo-1501594907352-04cda38ebc29', 77),
(6, 10, 37.8044, -122.2712, 'Oakland scenery', 'Planned Parenthood Barbara Lee Oakland Health Center, 1400, Broadway, Downtown, Downtown Oakland, Oakland, Alameda County, California, 94612, United States', 'Downtown Oakland is thriving! Grab coffee at Blue Bottle and walk to Lake Merritt for sunset.', 'https://images.unsplash.com/photo-1506905925346-21bda4d32df4', 33),
(7, 8, 37.8716, -122.2727, 'Berkeley campus', '1908, University Avenue, Downtown Berkeley, Berkeley, Alameda County, California, 94704, United States', 'Telegraph Ave energy! International cuisine, vinyl shops, and Cal campus just steps away.', 'https://images.unsplash.com/photo-1562774053-701939374585', 31),
(8, 42, 37.4419, -122.1430, 'Palo Alto tech hub', '668, Coleridge Avenue, Old Palo Alto, Palo Alto, Santa Clara County, California, 94301, United States', 'Charming Old Palo Alto streets! Tree-lined neighborhoods perfect for biking near Stanford.', 'https://images.unsplash.com/photo-1497366216548-37526070297c', 68),
(9, 12, 37.3861, -122.0839, 'Mountain View sunset', 'Castro Street, Mountain View, Santa Clara County, California, 94039, United States', 'Castro Street is Silicon Valley''s pulse! Amazing ramen spots and weekend farmers markets.', 'https://images.unsplash.com/photo-1507003211169-0a1dd7228f2d', 99),
(10, 19, 37.5630, -122.3255, 'San Mateo bridge view', 'El Camino Real & 4th Avenue, South El Camino Real, San Mateo, San Mateo County, California, 94401, United States', 'Downtown San Mateo intersection near Central Park. Great shopping and amazing ramen nearby!', 'https://images.unsplash.com/photo-1449824913935-59a10b8d2000', 98),
(11, 45, 37.6879, -122.4702, 'Daly City fog', '141, Washington Street, Daly City, San Mateo County, California, 94014, United States', 'The fog here is legendary! Incredible Filipino food scene and stunning ocean views nearby.', 'https://images.unsplash.com/photo-1534430480872-3498386e7856', 90),
(12, 26, 37.9577, -122.3470, 'Richmond waterfront', '1846, 23rd Street, San Pablo, Contra Costa County, California, 94806, United States', 'San Pablo has authentic taco trucks and an emerging arts scene. East Bay hidden gem!', 'https://images.unsplash.com/photo-1518623489648-a173ef7824f3', 59),
(13, 38, 38.5816, -121.4944, 'Sacramento capital', 'La Bou Bakery & Cafe, 900, 9th Street, Downtown, Sacramento, Sacramento County, California, 95814, United States', 'Best pastries near the Capitol! Grab a croissant and explore the historic downtown grid.', 'https://images.unsplash.com/photo-1555992336-fb0d29498b13', 92),
(14, 21, 38.4404, -122.7141, 'Santa Rosa wine country', 'Downtown Santa Rosa, Santa Rosa, Sonoma County, California, 95402, United States', 'Wine country downtown! Craft breweries, farm-to-table restaurants, and weekend farmers market.', 'https://images.unsplash.com/photo-1506377247377-2a5b3b417ebb', 20),
(15, 4, 38.2919, -122.4580, 'Napa Valley vineyards', 'West Napa Street, Sonoma, Sonoma County, California, 95476, United States', 'Sonoma Plaza is charming! Historic square with wine tasting rooms and artisan cheese shops.', 'https://images.unsplash.com/photo-1510812431401-41d2bd2722f3', 13),
(16, 48, 36.9741, -122.0308, 'Santa Cruz beach', 'Church Street, Downtown District (Commercial), Downtown, Santa Cruz, Santa Cruz County, California, 95061, United States', 'Steps from the boardwalk! Surf culture, vintage shops, and the best fish tacos around.', 'https://images.unsplash.com/photo-1507525428034-b723cf961d3e', 7),
(17, 48, 36.6002, -121.8947, 'Monterey Bay', 'Crown & Anchor, 150, West Franklin Street, Monterey, Monterey County, California, 93944, United States', 'Historic Cannery Row vibes! Aquarium nearby and fresh seafood at every corner. Sea otters daily!', 'https://images.unsplash.com/photo-1519046904884-53103b34b206', 6),
(18, 5, 36.2108, -121.7596, 'Big Sur coastline', 'Posts, Monterey County, California, United States', 'Breathtaking cliffs meet crashing waves! The most scenic drive in California, hands down.', 'https://images.unsplash.com/photo-1414609245224-afa02bfb3fda', 85),
(19, 52, 35.2828, -120.6596, 'San Luis Obispo', '1100, Monterey Street, Downtown, San Luis Obispo, San Luis Obispo County, California, 93410, United States', 'Happiest city in America! Thursday night farmers market is legendary. Cal Poly energy.', 'https://images.unsplash.com/photo-1469474968028-56623f02e42e', 84),
(20, 49, 34.4208, -119.6982, 'Santa Barbara pier', '738, Anacapa Street, Santa Barbara, Santa Barbara County, California, 93101, United States', 'The American Riviera! Red tile roofs, palm trees, and ocean breezes. Pure coastal paradise.', 'https://images.unsplash.com/photo-1511316695145-4992006ffddb', 20),
(21, 49, 34.0522, -118.2437, 'Downtown LA', 'Los Angeles Police Department Headquarters, West 1st Street, Civic Center, Downtown, Los Angeles, Los Angeles County, California, 90012, United States', 'DTLA is booming! Rooftop bars, Grand Central Market, and amazing urban architecture.', 'https://images.unsplash.com/photo-1534190760961-74e8c1c5c3da', 59),
(22, 5, 34.0195, -118.4912, 'Santa Monica beach', 'Santa Monica Boulevard, Downtown Santa Monica, Santa Monica, Los Angeles County, California, 90401, United States', 'Third Street Promenade vibes! Ocean breeze, street performers, and endless shopping.', 'https://images.unsplash.com/photo-1506929562872-bb421503ef21', 10),
(23, 8, 34.1478, -118.1445, 'Pasadena Rose Bowl', 'East Holly Street, Old Pasadena, Pasadena Council District 3, Pasadena, Los Angeles County, California, 91129, United States', 'Old Town Pasadena charm! Historic architecture, amazing food, and Rose Parade energy.', 'https://images.unsplash.com/photo-1471295253337-3ceaaedca402', 4),
(24, 22, 33.9425, -118.4081, 'Venice boardwalk', 'World Way, Los Angeles, Los Angeles County, California, 90245, United States', 'Where LA gets weird! Street artists, Muscle Beach, and sunset skate sessions on the boardwalk.', 'https://images.unsplash.com/photo-1534190760961-74e8c1c5c3da', 62),
(25, 32, 33.8121, -117.9190, 'Anaheim Disneyland', 'Partners, Hub, Anaheim, Orange County, California, 92802, United States', 'The happiest place on Earth! Fireworks over Sleeping Beauty Castle never gets old.', 'https://images.unsplash.com/photo-1568515387631-8b650bbcdb90', 62),
(26, 43, 32.7157, -117.1611, 'San Diego downtown', 'The US Grant, A Luxury Collection Hotel, 326, Broadway, Marina, Gaslamp Quarter, Banker''s Hill, San Diego, San Diego County, California, 92101, United States', 'Gaslamp Quarter nightlife! Victorian buildings, craft cocktails, and perfect weather year-round.', 'https://images.unsplash.com/photo-1538097304804-2a1b932466a9', 25),
(27, 45, 32.8328, -117.2713, 'La Jolla cove', 'Fay Avenue, Beach Barber Tract, La Jolla, San Diego, San Diego County, California, 92037, United States', 'Crystal clear waters and sea lions sunbathing! Best snorkeling spot in San Diego.', 'https://images.unsplash.com/photo-1506953823976-52e1fdc0149a', 1),
(28, 2, 33.1581, -117.3506, 'Carlsbad flowers', 'Better Buzz, 3016, Carlsbad Boulevard, Downtown Carlsbad, Carlsbad, San Diego County, California, 92008, United States', 'Flower fields in spring are magical! Beach town vibes with boutique shops and great coffee.', 'https://images.unsplash.com/photo-1490750967868-88aa4486c946', 4),
(29, 29, 33.4484, -117.6323, 'Dana Point harbor', 'Calle Frontera, San Clemente, Orange County, California, 92673, United States', 'San Clemente pier sunsets are unreal! Surf town vibes with Spanish Colonial charm.', 'https://images.unsplash.com/photo-1500930287596-c1ecaa373bb2', 94),
(30, 14, 33.6846, -117.8265, 'Newport Beach', '16900, Harvard Avenue, Westpark, Irvine, Orange County, California, 92612, United States', 'Irvine tech corridor meets OC lifestyle! Great Korean food and proximity to UCI campus.', 'https://images.unsplash.com/photo-1510414842594-a61c69b5ae57', 3),
(31, 47, 33.7701, -118.1937, 'Long Beach Queen Mary', 'Pacific Avenue, Long Beach, Los Angeles County, California, 90834, United States', 'Long Beach has it all! Queen Mary tours, craft beer scene, and amazing waterfront dining.', 'https://images.unsplash.com/photo-1544551763-46a013bb70d5', 52),
(32, 19, 34.2804, -118.8783, 'Thousand Oaks hills', '233, Esther Avenue, Moorpark, Ventura County, California, 93021, United States', 'Rolling Ventura County hills! Quiet suburb with amazing hiking trails and horse country.', 'https://images.unsplash.com/photo-1501785888041-af3ef285b470', 27),
(33, 35, 34.1808, -118.3090, 'Hollywood sign', 'East Olive Avenue, Burbank, Los Angeles County, California, 91502, United States', 'Media capital of the world! Warner Bros and Disney are neighbors in this entertainment hub.', 'https://images.unsplash.com/photo-1515896769750-31548aa180ed', 94),
(34, 4, 34.0259, -118.7798, 'Malibu sunset', 'Pacific Coast Highway, Malibu, Los Angeles County, California, 90265, United States', 'PCH dreams! Watch dolphins surf the waves while the sun sets over Point Dume.', 'https://images.unsplash.com/photo-1518837695005-2083093ee35b', 43),
(35, 46, 34.4266, -117.3027, 'Victorville desert', '16517, Chestnut Street, Hesperia, San Bernardino County, California, 92345, United States', 'High desert gateway! Joshua trees, stargazing, and cool desert nights await explorers.', 'https://images.unsplash.com/photo-1509316785289-025f5b846b35', 43),
(36, 40, 33.8753, -117.5664, 'Riverside downtown', 'The Wine Down, 138, East 6th Street, Corona, Riverside County, California, 92879, United States', 'Corona craft wine scene! Relaxed Inland Empire vibes with growing foodie culture.', 'https://images.unsplash.com/photo-1477959858617-67f85cf4f1df', 43),
(37, 41, 34.1083, -117.2898, 'San Bernardino mountains', 'West 5th Street, San Bernardino, San Bernardino County, California, 92401, United States', 'Gateway to Big Bear! Mountain escape vibes just an hour from LA chaos.', 'https://images.unsplash.com/photo-1464822759023-fed622ff2c3b', 14),
(38, 15, 33.7455, -117.8677, 'Irvine spectrum', 'Main Street, Pacific Park, Lacy, Santa Ana, Orange County, California, 92701, United States', 'Historic Santa Ana downtown! Growing arts district with authentic Mexican restaurants.', 'https://images.unsplash.com/photo-1486406146926-c627a92ad1ab', 47),
(39, 37, 34.5362, -117.2928, 'Apple Valley', 'Home Improvement Outlet, 16947, D Street, Victorville, San Bernardino County, California, 92395, United States', 'High desert living! Wide open spaces and stunning mountain views from everywhere.', 'https://images.unsplash.com/photo-1473580044384-7ba9967e16a0', 27),
(40, 15, 35.3733, -119.0187, 'Bakersfield oil fields', 'Truxtun Avenue, Civic Center, Bakersfield, Kern County, California, 93301, United States', 'Country music capital of California! Authentic cowboy culture and Buck Owens legacy.', 'https://images.unsplash.com/photo-1518173946687-a4c036bc3e3b', 84),
(41, 22, 36.7378, -119.7871, 'Fresno tower district', '1099, N Street, Fresno, Fresno County, California, 93721, United States', 'Central Valley''s cultural hub! Tower District has eclectic bars, vintage shops, and local art.', 'https://images.unsplash.com/photo-1480714378408-67cf0d13bc1b', 86),
(42, 35, 37.2090, -93.2923, 'Merced farms', 'Park Central Square, West Central, Springfield, Greene County, Missouri, 65806, United States', 'Springfield''s historic square! Route 66 nostalgia with charming Midwest hospitality.', 'https://images.unsplash.com/photo-1500382017468-9049fed747ef', 81),
(43, 49, 37.9735, -120.3822, 'Modesto agriculture', '322, Leighton Lane, Sonora, Tuolumne County, California, 95370, United States', 'Gold Country charm! Historic downtown Sonora feels like stepping back in time.', 'https://images.unsplash.com/photo-1464226184884-fa280b87c399', 98),
(44, 5, 37.7796, -120.9969, 'Stockton port', '19936, McHenry Avenue, Escalon, San Joaquin County, California, 95320, United States', 'Small town Central Valley vibes! Almond orchards and friendly farming community.', 'https://images.unsplash.com/photo-1494412574643-ff11b0a5c1c3', 37),
(45, 1, 38.0194, -122.1341, 'Antioch delta', '1102, Escobar Street, Martinez, Contra Costa County, California, 94553, United States', 'Martinez has old-school charm! John Muir''s home is here, and the waterfront is peaceful.', 'https://images.unsplash.com/photo-1501785888041-af3ef285b470', 41),
(46, 33, 38.1041, -122.2566, 'Vallejo waterfront', '498, Carolina Street, Vallejo, Solano County, California, 94590, United States', 'Vallejo ferry to SF is underrated! Mare Island history and waterfront revitalization.', 'https://images.unsplash.com/photo-1507003211169-0a1dd7228f2d', 80),
(47, 4, 38.7521, -121.2880, 'Roseville galleria', 'Main at Washington, Main Street, Roseville, Placer County, California, 95678, United States', 'Historic Old Town Roseville! Antique shops, local cafes, and small-town Sacramento suburbs.', 'https://images.unsplash.com/photo-1441986300917-64674bd600d8', 98),
(48, 14, 39.5296, -121.5544, 'Chico state', 'Cherokee Road, Oroville, Butte County, California, 95965, United States', 'Oroville Lake nearby! Gateway to the Feather River Canyon and Northern California outdoors.', 'https://images.unsplash.com/photo-1541339907198-e08756dedf3f', 36),
(49, 2, 40.5865, -122.3917, 'Redding sundial', '1297, South Market Street, Redding, Shasta County, California, 96001, United States', 'Sundial Bridge is architectural art! Gateway to Shasta Lake and northern wilderness.', 'https://images.unsplash.com/photo-1506905925346-21bda4d32df4', 54),
(50, 2, 41.7558, -124.2026, 'Crescent City redwoods', '901, G Street, Crescent City, Del Norte County, California, 95531, United States', 'Redwood empire! Walk among the giants and feel tiny. Battery Point Lighthouse is magical.', 'https://images.unsplash.com/photo-1448375240586-882707db888b', 64),
(51, 45, 39.1638, -123.2052, 'Ukiah vineyards', 'Orchard Access Road, Presswood, Mendocino County, California, 95482, United States', 'Mendocino wine country without the crowds! Organic farms and chill Northern California vibes.', 'https://images.unsplash.com/photo-1506377247377-2a5b3b417ebb', 87),
(52, 12, 40.8021, -124.1637, 'Eureka Victorian', '615, H Street, Old Town, Eureka, Humboldt County, California, 95501, United States', 'Victorian architecture galore! Old Town Eureka is quirky, artsy, and uniquely NorCal.', 'https://images.unsplash.com/photo-1518780664697-55e3ad937233', 84),
(53, 24, 34.9530, -120.4357, 'Santa Maria valley', 'East Main Street, Santa Maria, Santa Barbara County, California, 93548, United States', 'Santa Maria BBQ is legendary! Tri-tip capital of California with amazing wine trails nearby.', 'https://images.unsplash.com/photo-1500382017468-9049fed747ef', 34),
(54, 41, 35.6131, -120.6903, 'Paso Robles wine', 'El Camino Real, Paso Robles, San Luis Obispo County, California, 93446, United States', 'Wine country perfection! Over 200 wineries and that Central Coast golden hour is chef''s kiss.', 'https://images.unsplash.com/photo-1510812431401-41d2bd2722f3', 50),
(55, 42, 37.7751, -122.4180, 'SF Market Street', '40, 11th Street, Civic Center, San Francisco, California, 94103, United States', 'Where SF''s neighborhoods collide! Transit hub energy with amazing people watching 24/7.', 'https://images.unsplash.com/photo-1501594907352-04cda38ebc29', 100),
(56, 17, 37.7765, -122.4172, 'SF Union Square', '10th Street, Civic Center, South of Market, San Francisco, California, 94103, United States', 'Shopping paradise meets street performers! Holiday ice rink and cable car vibes.', 'https://images.unsplash.com/photo-1521747116042-5a810fda9664', 53),
(57, 16, 37.7742, -122.4211, 'SF Civic Center', 'Bella Smile, 20, Page Street, Hayes Valley, Civic Center, San Francisco, California, 94102, United States', 'Hayes Valley is SF''s chicest hood! Patricia''s Green picnics and Blue Bottle origins.', 'https://images.unsplash.com/photo-1506905925346-21bda4d32df4', 22),
(58, 41, 37.7786, -122.4143, 'SF Chinatown', '1185, Market Street, Civic Center, South of Market, San Francisco, California, 94102, United States', 'SoMa tech corridor! Startups, converted warehouses, and the best Korean fried chicken.', 'https://images.unsplash.com/photo-1513635269975-59663e0ac1ad', 58),
(59, 18, 37.7956, -122.3934, 'SF Embarcadero', 'Herb Caen Way..., Financial District, San Francisco, California, 94111, United States', 'Waterfront promenade paradise! Ferry Building farmers market on Saturdays is essential.', 'https://images.unsplash.com/photo-1449824913935-59a10b8d2000', 39),
(60, 24, 37.7989, -122.4012, 'SF North Beach', 'KPIX TV, 815;825;855;865;875, Battery Street, Telegraph Hill, San Francisco, California, 94111, United States', 'Little Italy meets Beat poetry! Grab cannoli at Stella and climb up to Coit Tower.', 'https://images.unsplash.com/photo-1534430480872-3498386e7856', 19),
(61, 34, 37.8024, -122.4058, 'SF Fishermans Wharf', 'Coit Tower, Telegraph Hill Boulevard, Telegraph Hill, San Francisco, California, 94113, United States', 'Iconic SF panorama from Coit Tower! Parrots live on this hill - seriously, wild parrots!', 'https://images.unsplash.com/photo-1518623489648-a173ef7824f3', 71),
(62, 44, 37.7694, -122.4862, 'SF Golden Gate Park', 'BODY-CURL, John F Kennedy Drive, Outer Richmond, Richmond District, San Francisco, California, 94121, United States', 'Bigger than Central Park! Bison paddock, Japanese Tea Garden, and endless green escape.', 'https://images.unsplash.com/photo-1501785888041-af3ef285b470', 26),
(63, 38, 37.7599, -122.4148, 'SF Mission District', '2335;2337, Folsom Street, Mission District, San Francisco, California, 94143, United States', 'Mural alley magic! Best burritos in the world and sunny microclimate when everywhere else is foggy.', 'https://images.unsplash.com/photo-1477959858617-67f85cf4f1df', 86),
(64, 25, 37.7525, -122.4474, 'SF Twin Peaks', 'Twin Peaks Boulevard, Midtown Terrace, San Francisco, California, 94131, United States', 'Best 360-degree city views! Drive up at night for sparkling city lights below.', 'https://images.unsplash.com/photo-1506905925346-21bda4d32df4', 1),
(65, 8, 37.7833, -122.4090, 'SF Financial District', 'IKEA, 945, Market Street, Union Square, South of Market, San Francisco, California, 94103, United States', 'Retail therapy central! Powell Street cable car turnaround is pure San Francisco.', 'https://images.unsplash.com/photo-1486406146926-c627a92ad1ab', 27),
(66, 14, 37.7612, -122.4350, 'SF Castro', 'Castro Street, Castro District, Mission District, San Francisco, California, 94114, United States', 'Rainbow crosswalks and LGBTQ+ history! Castro Theatre marquee is an SF icon.', 'https://images.unsplash.com/photo-1513635269975-59663e0ac1ad', 46),
(67, 1, 37.7879, -122.4074, 'SF Downtown', 'Union Square, South of Market, San Francisco, California, 94108, United States', 'Heart of downtown! Street performers, holiday tree, and Macy''s flagship store.', 'https://images.unsplash.com/photo-1480714378408-67cf0d13bc1b', 20),
(68, 15, 37.7721, -122.4311, 'SF Haight Ashbury', '538;540, Haight Street, Lower Haight, Western Addition, San Francisco, California, 94143, United States', 'Summer of Love lives on! Vintage shops, hippie history, and Amoeba Music pilgrimage.', 'https://images.unsplash.com/photo-1518780664697-55e3ad937233', 1),
(69, 17, 37.7654, -122.4194, 'SF Dolores Park', '16th Street, Mission District, San Francisco, California, 90110, United States', 'SF''s outdoor living room! Bring a blanket, grab Bi-Rite ice cream, and people watch for hours.', 'https://images.unsplash.com/photo-1501785888041-af3ef285b470', 40),
(70, 38, 37.7908, -122.4025, 'SF Telegraph Hill', 'Peet''s Coffee, 155, Montgomery Street, Financial District, South of Market, San Francisco, California, 94104, United States', 'FiDi coffee break spot! Surrounded by skyscrapers but Peet''s keeps it chill.', 'https://images.unsplash.com/photo-1506905925346-21bda4d32df4', 7),
(71, 22, 37.7845, -122.4089, 'SF Transamerica', 'Parc 55 San Francisco - a Hilton Hotel, 55, Cyril Magnin Street, Union Square, South of Market, San Francisco, California, 94102, United States', 'Classic Union Square hotel scene! Theater district and fancy cocktail bars steps away.', 'https://images.unsplash.com/photo-1486406146926-c627a92ad1ab', 84),
(72, 40, 37.7563, -122.4102, 'SF Bernal Heights', '981, Florida Street, Mission District, San Francisco, California, 94103, United States', 'Artsy Mission corridors! Warehouse studios and the city''s best street art murals.', 'https://images.unsplash.com/photo-1501785888041-af3ef285b470', 51),
(73, 52, 37.7812, -122.4553, 'SF Richmond District', 'Cairn Construction, 3401, Geary Boulevard, Jordan Park, San Francisco, California, 94118, United States', 'SF''s diverse corridor! Russian bakeries, Asian fusion, and fog that rolls in by 4pm.', 'https://images.unsplash.com/photo-1449824913935-59a10b8d2000', 70),
(74, 20, 37.7298, -122.3867, 'SF Bayview', '1414, Revere Avenue, Bayview District, San Francisco, California, 94188, United States', 'Bayview renaissance! Industrial charm turning into maker spaces and community gardens.', 'https://images.unsplash.com/photo-1494412574643-ff11b0a5c1c3', 78),
(75, 41, 37.7445, -122.4789, 'SF Sunset District', '2300, 22nd Avenue, Sunset District, San Francisco, California, 94116, United States', 'Foggy Sunset vibes! Amazing Chinese and Korean food with Ocean Beach just blocks away.', 'https://images.unsplash.com/photo-1518837695005-2083093ee35b', 17),
(76, 47, 37.7701, -122.4658, 'SF Inner Sunset', 'Morrison Planetarium, Music Concourse Drive, Richmond District, San Francisco, California, 94122, United States', 'Academy of Sciences is mind-blowing! Living roof, planetarium, and the albino alligator.', 'https://images.unsplash.com/photo-1501785888041-af3ef285b470', 83),
(77, 32, 37.7634, -122.4583, 'SF Forest Hill', '513 Parnassus Avenue, Parnassus Avenue, Inner Sunset, San Francisco, California, 94117, United States', 'UCSF medical campus area! Hospital workers, students, and great Thai food nearby.', 'https://images.unsplash.com/photo-1448375240586-882707db888b', 84),
(78, 35, 37.7488, -122.4156, 'SF Glen Park', '1515, South Van Ness Avenue, Mission District, San Francisco, California, 94143, United States', 'Mission corridor creative zone! Murals, music venues, and the best pupusas in SF.', 'https://images.unsplash.com/photo-1501785888041-af3ef285b470', 90),
(79, 48, 37.7923, -122.3978, 'SF Pier 39', '388 Market Building, 388, Market Street, Financial District, South of Market, San Francisco, California, 94105, United States', 'FiDi lunch rush! Historic buildings meet modern finance in this power lunch district.', 'https://images.unsplash.com/photo-1544551763-46a013bb70d5', 54),
(80, 31, 37.7768, -122.3950, 'SF South Beach', 'Townsend Street, Mission Bay, San Francisco, California, 94158, United States', 'Mission Bay tech campus! UCSF, Salesforce tower views, and waterfront jogging paths.', 'https://images.unsplash.com/photo-1506953823976-52e1fdc0149a', 84),
(81, 38, 37.7855, -122.4095, 'SF Jackson Square', 'Taxi Stand at Hotel Nikko, 222, Mason Street, Union Square, South of Market, San Francisco, California, 94102, United States', 'Hotel Nikko elegance! Japanese hospitality meets San Francisco sophistication.', 'https://images.unsplash.com/photo-1513635269975-59663e0ac1ad', 3),
(82, 11, 37.7582, -122.3880, 'SF Potrero Hill', 'Triple Aught Design, 660, 22nd Street, American Industrial Center, Dogpatch, San Francisco, California, 94107, United States', 'Dogpatch design district! Converted warehouses, craft breweries, and maker spaces galore.', 'https://images.unsplash.com/photo-1477959858617-67f85cf4f1df', 22),
(83, 51, 37.7411, -122.3876, 'SF India Basin', '559, Newhall Street, Bayview District, San Francisco, California, 94124, United States', 'Working waterfront! Shipyards turned artist studios with bay views.', 'https://images.unsplash.com/photo-1494412574643-ff11b0a5c1c3', 42),
(84, 31, 37.7343, -122.5028, 'SF Lake Merced', 'Elinor Friend Playground, Outback Trail, San Francisco, California, 94166, United States', 'Urban wilderness escape! Kayaking, fishing, and eucalyptus groves at SF''s edge.', 'https://images.unsplash.com/photo-1501785888041-af3ef285b470', 59),
(85, 2, 34.0525, -118.2450, 'LA Arts District', 'Los Angeles Times Building, West 1st Street, Civic Center, Downtown, Los Angeles, Los Angeles County, California, 90012, United States', 'LA Times building is iconic! Civic Center history meets modern DTLA energy.', 'https://images.unsplash.com/photo-1534190760961-74e8c1c5c3da', 79),
(86, 34, 34.0489, -118.2510, 'LA Little Tokyo', '444, South Hill Street, Gallery Row, Historic Core, Downtown, Los Angeles, Los Angeles County, California, 90013, United States', 'Gallery Row creativity! DTLA''s emerging art scene with rooftop bars and loft living.', 'https://images.unsplash.com/photo-1513635269975-59663e0ac1ad', 72),
(87, 30, 34.0537, -118.2427, 'LA Union Station', 'City Hall Observation Deck, 200, North Spring Street, Civic Center, Downtown, Los Angeles, Los Angeles County, California, 90012, United States', 'LA City Hall views! Free observation deck gives you the entire basin panorama.', 'https://images.unsplash.com/photo-1494412574643-ff11b0a5c1c3', 52),
(88, 17, 34.0407, -118.2468, 'LA Fashion District', 'San Pedro Street, Skid Row, Downtown, Los Angeles, Los Angeles County, California, 90014, United States', 'Fashion District hustle! Wholesale deals and fabric stores as far as the eye can see.', 'https://images.unsplash.com/photo-1441986300917-64674bd600d8', 58),
(89, 20, 34.0611, -118.2353, 'LA Chinatown', 'North Main Street, New Chinatown, Chinatown, Los Angeles, Los Angeles County, California, 90086, United States', 'Historic LA Chinatown! Dragon Gate, dumpling houses, and quirky galleries in old buildings.', 'https://images.unsplash.com/photo-1513635269975-59663e0ac1ad', 31),
(90, 20, 34.0736, -118.2400, 'LA Echo Park', 'Dodger Stadium, 1000, Vin Scully Avenue, Chinatown, Los Angeles, Los Angeles County, California, 90012, United States', 'Dodger Stadium magic! Nothing beats a sunset game with LA skyline behind home plate.', 'https://images.unsplash.com/photo-1501785888041-af3ef285b470', 74),
(91, 41, 34.0781, -118.2615, 'LA Silver Lake', 'Taix, 1911, West Sunset Boulevard, Echo Park, Los Angeles, Los Angeles County, California, 90026, United States', 'Echo Park institution! Taix has been serving French comfort food since 1927.', 'https://images.unsplash.com/photo-1477959858617-67f85cf4f1df', 56),
(92, 20, 34.0928, -118.2820, 'LA Los Feliz', '4167, Gateway Avenue, Sunset Junction, Los Angeles, Los Angeles County, California, 90029, United States', 'Sunset Junction is trendy! Coffee shops, vintage stores, and the most Instagrammed streets.', 'https://images.unsplash.com/photo-1501785888041-af3ef285b470', 32),
(93, 46, 34.1017, -118.3267, 'LA Hollywood Blvd', 'Vine Street, Hollywood, Los Angeles, Los Angeles County, California, 90028, United States', 'Hollywood & Vine! Walk of Fame stars and the Pantages Theatre''s dazzling marquee.', 'https://images.unsplash.com/photo-1515896769750-31548aa180ed', 56),
(94, 46, 34.1341, -118.3215, 'LA Studio City', 'Mount Lee Drive, Los Feliz Neighborhood Council District, Los Angeles, Los Angeles County, California, 90068, United States', 'Hike to the Hollywood Sign! Griffith Observatory views and LA magic await.', 'https://images.unsplash.com/photo-1478720568477-152d9b164e26', 96),
(95, 52, 34.1425, -118.2551, 'LA Glendale', 'South Brand Boulevard, Glendale, Los Angeles County, California, 91210, United States', 'Brand Boulevard shopping! Armenian bakeries and the Americana outdoor mall experience.', 'https://images.unsplash.com/photo-1449824913935-59a10b8d2000', 78),
(96, 1, 34.1478, -118.1453, 'LA Pasadena Old Town', 'East Holly Street, Old Pasadena, Pasadena Council District 3, Pasadena, Los Angeles County, California, 91129, United States', 'Colorado Boulevard charm! Art galleries, Rose Parade legacy, and perfect weather.', 'https://images.unsplash.com/photo-1471295253337-3ceaaedca402', 10),
(97, 41, 34.1561, -118.1318, 'LA Pasadena CalTech', '596, North Lake Avenue, Bungalow Heaven, Pasadena Council District 5, Pasadena, Los Angeles County, California, 91182, United States', 'Lake Avenue chic! Bungalow Heaven architecture and CalTech genius energy nearby.', 'https://images.unsplash.com/photo-1562774053-701939374585', 80),
(98, 27, 34.0211, -118.3965, 'LA Culver City', '4021,4023, Duquesne Avenue, Downtown Culver City, Culver City, Los Angeles County, California, 90232, United States', 'Culver City arts district! Sony Studios tours and incredible Japanese restaurants.', 'https://images.unsplash.com/photo-1477959858617-67f85cf4f1df', 31),
(99, 21, 34.0259, -118.4960, 'Santa Monica Pier', '1031, 9th Court, Santa Monica, Los Angeles County, California, 90403, United States', 'Santa Monica residential charm! Tree-lined streets and beach just blocks away.', 'https://images.unsplash.com/photo-1506929562872-bb421503ef21', 48),
(100, 3, 34.0128, -118.4965, 'Santa Monica 3rd St', '1450, Ocean Avenue, Downtown Santa Monica, Santa Monica, Los Angeles County, California, 90401, United States', 'Ocean Avenue bliss! Palisades Park views and Santa Monica Pier steps away.', 'https://images.unsplash.com/photo-1441986300917-64674bd600d8', 51),
(101, 19, 34.0025, -118.4808, 'Venice Abbot Kinney', '3143, Hill Street, Ocean Park, Santa Monica, Los Angeles County, California, 90405, United States', 'Ocean Park laid-back vibes! Beach culture meets neighborhood restaurants and galleries.', 'https://images.unsplash.com/photo-1534190760961-74e8c1c5c3da', 34),
(102, 21, 33.9850, -118.4695, 'Venice Canals', 'South Venice Boulevard, Venice Canal Historic District, Venice, Los Angeles, Los Angeles County, California, 90292, United States', 'Venice Canals are magical! Little bridges, duck families, and million-dollar bohemian vibes.', 'https://images.unsplash.com/photo-1501785888041-af3ef285b470', 51),
(103, 33, 33.9561, -118.3956, 'LAX Area', 'Howard B. Drollinger Way, Westchester, Los Angeles, Los Angeles County, California, 90045, United States', 'Plane spotting paradise! Watch jets land while grabbing In-N-Out nearby.', 'https://images.unsplash.com/photo-1436491865332-7a61a109cc05', 96),
(104, 4, 33.9185, -118.4160, 'El Segundo', '222;232, Main Street, El Segundo, Los Angeles County, California, 90245, United States', 'Small beach town vibes near LAX! Craft breweries and aerospace industry neighbors.', 'https://images.unsplash.com/photo-1449824913935-59a10b8d2000', 88),
(105, 52, 33.8617, -118.3854, 'Torrance', '1600, Haynes Lane, Redondo Beach, Los Angeles County, California, 90278, United States', 'Redondo Beach pier life! Fresh seafood, sunset views, and South Bay chill vibes.', 'https://images.unsplash.com/photo-1477959858617-67f85cf4f1df', 3),
(106, 48, 33.8358, -118.3406, 'Carson', '3017, Opal Street, Torrance, Los Angeles County, California, 90503, United States', 'Torrance residential peace! Japanese-American heritage and amazing ramen spots.', 'https://images.unsplash.com/photo-1449824913935-59a10b8d2000', 30),
(107, 22, 34.0195, -118.2895, 'LA USC Campus', 'West 37th Place, Exposition Park, Los Angeles, Los Angeles County, California, 90089, United States', 'Fight on! USC campus energy with museums and the Coliseum steps away.', 'https://images.unsplash.com/photo-1562774053-701939374585', 25),
(108, 51, 34.0689, -118.4452, 'LA Beverly Hills', 'UCLA Gateway Plaza;Luskin / Gateway Plaza / Ackerman, Westwood Plaza, Westwood, Los Angeles, Los Angeles County, California, 90095, United States', 'UCLA campus life! Bruin pride, Sculpture Garden, and Westwood Village adventures.', 'https://images.unsplash.com/photo-1501785888041-af3ef285b470', 48),
(109, 3, 34.0736, -118.4004, 'LA West Hollywood', 'North Rexford Drive, The Flats, Beverly Hills, Los Angeles County, California, 90210, United States', 'Beverly Hills 90210! Rodeo Drive glamour and celebrity sighting potential everywhere.', 'https://images.unsplash.com/photo-1477959858617-67f85cf4f1df', 87),
(110, 51, 34.0901, -118.3617, 'LA Melrose', 'North Fairfax Avenue, West Hollywood, Los Angeles County, California, 90046, United States', 'Fairfax culture! Streetwear mecca, Jewish delis, and the best pastrami sandwiches.', 'https://images.unsplash.com/photo-1441986300917-64674bd600d8', 13),
(111, 18, 34.0558, -118.3724, 'LA Miracle Mile', '1150, South La Jolla Avenue, South Carthay, Pico-Robertson, Los Angeles, Los Angeles County, California, 90035, United States', 'Kosher restaurants and Jewish community heart! Pico-Robertson has incredible bakeries.', 'https://images.unsplash.com/photo-1477959858617-67f85cf4f1df', 28),
(112, 49, 34.0623, -118.3495, 'LA Koreatown', 'Einstein Bros. Bagels, 5550, Wilshire Boulevard, Miracle Mile, Mid-Wilshire, Los Angeles, Los Angeles County, California, 90036, United States', 'Miracle Mile museums! LACMA, La Brea Tar Pits, and amazing Korean BBQ nearby.', 'https://images.unsplash.com/photo-1513635269975-59663e0ac1ad', 97),
(113, 46, 34.1022, -118.3428, 'LA Thai Town', 'Target, 7021, Hollywood Boulevard, Hollywood, Los Angeles, Los Angeles County, California, 90028, United States', 'Hollywood shopping strip! Mix of tourist spots and local gems on the boulevard.', 'https://images.unsplash.com/photo-1513635269975-59663e0ac1ad', 26),
(114, 14, 34.0837, -118.3440, 'LA Little Armenia', 'North La Brea Avenue, Fairfax, Los Angeles, Los Angeles County, California, 90038, United States', 'La Brea corridor! Mix of vintage furniture stores and trendy restaurants.', 'https://images.unsplash.com/photo-1513635269975-59663e0ac1ad', 78),
(115, 3, 34.0224, -118.2851, 'LA Exposition Park', 'Trousdale Parkway, University Park, Los Angeles, Los Angeles County, California, 90089, United States', 'USC''s heart! Tommy Trojan, beautiful campus architecture, and game day energy.', 'https://images.unsplash.com/photo-1501785888041-af3ef285b470', 3),
(116, 42, 34.0435, -118.2673, 'LA Boyle Heights', 'LudoBird, 1111, South Figueroa Street, South Park, Downtown, Los Angeles, Los Angeles County, California, 90015, United States', 'South Park DTLA! LA Live entertainment district with Staples Center action.', 'https://images.unsplash.com/photo-1477959858617-67f85cf4f1df', 85),
(117, 12, 34.0667, -118.2200, 'LA Lincoln Heights', 'North Main Street, Lincoln Heights, Los Angeles, Los Angeles County, California, 90031, United States', 'Lincoln Heights history! One of LA''s oldest neighborhoods with authentic Mexican culture.', 'https://images.unsplash.com/photo-1449824913935-59a10b8d2000', 13),
(118, 38, 34.0865, -118.2073, 'LA Highland Park', '3730, Griffin Avenue, Lincoln Heights, Los Angeles, Los Angeles County, California, 90031, United States', 'Artsy Lincoln Heights vibes! Murals, galleries, and emerging creative scene.', 'https://images.unsplash.com/photo-1477959858617-67f85cf4f1df', 40),
(119, 20, 34.1139, -118.1514, 'LA Eagle Rock', '1598, Oxley Street, South Pasadena, Los Angeles County, California, 91030, United States', 'South Pasadena charm! Tree-lined streets and small-town vibes minutes from DTLA.', 'https://images.unsplash.com/photo-1449824913935-59a10b8d2000', 76),
(120, 31, 34.1697, -118.3769, 'LA Sherman Oaks', 'Lankershim Boulevard, North Hollywood Neighborhood Council District, Los Angeles, Los Angeles County, California, 91601, United States', 'NoHo Arts District! Theaters, comedy clubs, and Valley creative energy.', 'https://images.unsplash.com/photo-1449824913935-59a10b8d2000', 96),
(121, 16, 34.1561, -118.5178, 'LA Encino', '18100, Rancho Street, Encino Neighborhood Council District, Los Angeles, Los Angeles County, California, 91316, United States', 'Encino suburbia! Valley family life with great schools and peaceful streets.', 'https://images.unsplash.com/photo-1501785888041-af3ef285b470', 77),
(122, 41, 34.2011, -118.5345, 'LA Tarzana', '18428, Sherman Way, Reseda, Los Angeles, Los Angeles County, California, 91335, United States', 'Reseda Valley vibes! Working-class LA with authentic taco trucks on every corner.', 'https://images.unsplash.com/photo-1449824913935-59a10b8d2000', 18),
(123, 22, 34.2367, -118.5296, 'LA Woodland Hills', 'Mike Curb College Arts Walk, Northridge East Neighborhood Council District, Los Angeles, Los Angeles County, California, 91330, United States', 'CSUN campus life! Matador pride and Valley student energy.', 'https://images.unsplash.com/photo-1501785888041-af3ef285b470', 7),
(124, 28, 34.1866, -118.4468, 'LA Van Nuys', 'Victory/Sylmar, Victory Boulevard, Van Nuys Neighborhood Council District, Los Angeles, Los Angeles County, California, 91401, United States', 'Van Nuys transit hub! Real Valley life with diverse communities and great food.', 'https://images.unsplash.com/photo-1449824913935-59a10b8d2000', 50),
(125, 33, 37.3382, -121.8863, 'San Jose Downtown', '223, East Santa Clara Street, Horace Mann, San Jose, Santa Clara County, California, 95112, United States', 'San Jose''s pulse! Tech workers, street tacos, and SAP Center hockey energy.', 'https://images.unsplash.com/photo-1486406146926-c627a92ad1ab', 34),
(126, 45, 37.3318, -121.8897, 'San Jose State', 'The Tech Store, 201, South Market Street, Downtown Historic District, San Jose, Santa Clara County, California, 95113, United States', 'Tech Interactive museum! Hands-on science and Silicon Valley innovation history.', 'https://images.unsplash.com/photo-1562774053-701939374585', 79),
(127, 8, 37.3488, -121.8943, 'San Jose Japantown', 'Ukelele Source, 599, North 5th Street, Hensley Historic District, Japantown, San Jose, Santa Clara County, California, 95112, United States', 'Last remaining Japantown! Authentic mochi, taiko drums, and cultural heritage.', 'https://images.unsplash.com/photo-1513635269975-59663e0ac1ad', 65),
(128, 49, 37.3230, -121.9133, 'San Jose Santana Row', 'Meridian Avenue, Buena Vista, San Jose, Santa Clara County, California, 95126, United States', 'Buena Vista residential! Quiet SJ neighborhood with Victorian homes and local parks.', 'https://images.unsplash.com/photo-1441986300917-64674bd600d8', 89),
(129, 47, 37.3689, -121.9230, 'Santa Clara University', 'Airport Parkway, North San Jose, San Jose, Santa Clara County, California, 95031, United States', 'North SJ tech corridor! Office parks, startups, and proximity to Mineta Airport.', 'https://images.unsplash.com/photo-1562774053-701939374585', 39),
(130, 49, 37.3541, -121.9552, 'Santa Clara', 'Lincoln Street, Santa Clara, Santa Clara County, California, 95015, United States', 'Old Santa Clara vibes! Mission heritage, tree-lined streets, and university town feel.', 'https://images.unsplash.com/photo-1449824913935-59a10b8d2000', 89),
(131, 47, 37.3875, -122.0575, 'Sunnyvale', 'Southbay Freeway, Whisman Station, Mountain View, Santa Clara County, California, 94041, United States', 'Caltrain access to tech! Commuter-friendly with easy ride to SF or South Bay.', 'https://images.unsplash.com/photo-1497366216548-37526070297c', 4),
(132, 46, 37.3688, -122.0363, 'Cupertino Apple', 'West El Camino Real, Sunnyvale, Santa Clara County, California, 94807, United States', 'El Camino Real classic! Strip mall charm with incredible Asian food options.', 'https://images.unsplash.com/photo-1497366216548-37526070297c', 37),
(133, 20, 37.3861, -122.0828, 'Mountain View Downtown', '750, Fairmont Avenue, Mountain View, Santa Clara County, California, 94041, United States', 'Mountain View residential gem! Tree-lined streets near downtown with classic California charm.', 'https://images.unsplash.com/photo-1507003211169-0a1dd7228f2d', 69),
(134, 32, 37.4220, -122.0841, 'Googleplex', 'Amphitheatre Parkway, Mountain View, Santa Clara County, California, 94043, United States', 'Google headquarters! Android statues, free bikes, and Silicon Valley pilgrimage site.', 'https://images.unsplash.com/photo-1497366216548-37526070297c', 1),
(135, 43, 37.4419, -122.1419, 'Palo Alto University', '1675, Middlefield Road, Palo Alto, Santa Clara County, California, 94036, United States', 'Midtown Palo Alto! Family-friendly with great parks and Mitchell Park library.', 'https://images.unsplash.com/photo-1562774053-701939374585', 1),
(136, 36, 37.4530, -122.1817, 'Stanford Campus', 'El Camino Real, Menlo Park, San Mateo County, California, 94025, United States', 'Menlo Park VC central! Sand Hill Road money flows and Stanford is next door.', 'https://images.unsplash.com/photo-1562774053-701939374585', 99),
(137, 51, 37.4848, -122.2281, 'Menlo Park', 'Jefferson Avenue, Redwood City, San Mateo County, California, 94063, United States', 'Downtown Redwood City energy! Courthouse Square dining and Peninsula vibes.', 'https://images.unsplash.com/photo-1497366216548-37526070297c', 90),
(138, 39, 37.5072, -122.2605, 'Redwood City', 'San Carlos Avenue, San Carlos, San Mateo County, California, 94070, United States', 'San Carlos small-town charm! Laurel Street shops and family-friendly Peninsula living.', 'https://images.unsplash.com/photo-1449824913935-59a10b8d2000', 16),
(139, 41, 37.5585, -122.2711, 'San Carlos', 'Shell Boulevard, Foster City, San Mateo County, California, 94405, United States', 'Foster City lagoon life! Planned community with waterways and bike paths everywhere.', 'https://images.unsplash.com/photo-1449824913935-59a10b8d2000', 43),
(140, 40, 37.5741, -122.3238, 'San Mateo Downtown', '214, North Fremont Street, San Mateo, San Mateo County, California, 94401, United States', 'Historic downtown San Mateo! B Street restaurants and Central Park farmers market.', 'https://images.unsplash.com/photo-1449824913935-59a10b8d2000', 66),
(141, 36, 37.5519, -122.3126, 'Foster City', '1768, Ivy Street, Hayward Park, San Mateo, San Mateo County, California, 94402, United States', 'Hayward Park quiet residential! Tree-lined streets and easy Caltrain commute.', 'https://images.unsplash.com/photo-1449824913935-59a10b8d2000', 26),
(142, 44, 37.5202, -122.2758, 'Belmont', 'Dog Haus, 1000, El Camino Real, Belmont, San Mateo County, California, 94002, United States', 'Belmont El Camino strip! Good eats and Peninsula commuter life.', 'https://images.unsplash.com/photo-1449824913935-59a10b8d2000', 70),
(143, 44, 37.2969, -121.8193, 'San Jose Eastside', '1138, Angmar Court, San Jose, Santa Clara County, California, 95121, United States', 'East San Jose community! Diverse neighborhoods with amazing Vietnamese food.', 'https://images.unsplash.com/photo-1449824913935-59a10b8d2000', 97),
(144, 33, 37.2518, -121.8628, 'San Jose Almaden', 'Apple Store, 925, Blossom Hill Road, Alamitos, San Jose, Santa Clara County, California, 95123, United States', 'Blossom Hill shopping! Apple Store vibes and South SJ suburban convenience.', 'https://images.unsplash.com/photo-1501785888041-af3ef285b470', 65),
(145, 43, 37.2707, -121.9577, 'Los Gatos', 'Bedal Park Court, Campbell, Santa Clara County, California, 95008, United States', 'Campbell downtown! Pruneyard Shopping Center and brewery scene.', 'https://images.unsplash.com/photo-1449824913935-59a10b8d2000', 38),
(146, 46, 37.2358, -121.9624, 'Saratoga', 'Teel''s, Blossom Hill Road, Shannon, Los Gatos, Santa Clara County, California, 95032, United States', 'Los Gatos hills charm! Upscale Silicon Valley with mountain views and wineries.', 'https://images.unsplash.com/photo-1501785888041-af3ef285b470', 39),
(147, 18, 37.3192, -122.0297, 'Cupertino Village', 'Town Center Lane, Cupertino, Santa Clara County, California, 95014, United States', 'Cupertino Main Street! Apple Park nearby and excellent Chinese restaurants.', 'https://images.unsplash.com/photo-1441986300917-64674bd600d8', 75),
(148, 50, 37.4025, -122.1082, 'Los Altos', 'Showers Drive, Castro City, Mountain View, Santa Clara County, California, 94022, United States', 'Mountain View neighborhood! Close to downtown with quiet residential streets.', 'https://images.unsplash.com/photo-1449824913935-59a10b8d2000', 83),
(149, 6, 37.3944, -122.0819, 'Mountain View Castro', '242, Franklin Street, Mountain View, Santa Clara County, California, 94039, United States', 'Downtown MV heart! Franklin Street restaurants and walkable city center.', 'https://images.unsplash.com/photo-1449824913935-59a10b8d2000', 22),
(150, 52, 37.4133, -121.9778, 'Milpitas', 'Great America Parkway, Santa Clara, Santa Clara County, California, 95002, United States', 'Great America thrills! Roller coasters and tech campus neighbors.', 'https://images.unsplash.com/photo-1449824913935-59a10b8d2000', 9),
(151, 34, 37.4688, -121.9264, 'Fremont Warm Springs', 'Tesla R&D, 1055, Page Avenue, Curtner, Fremont, Alameda County, California, 94539, United States', 'Tesla factory neighborhood! Watch Model 3s roll off the line nearby.', 'https://images.unsplash.com/photo-1449824913935-59a10b8d2000', 57),
(152, 23, 37.5483, -121.9886, 'Fremont Downtown', 'Hub Petroleum, 4004, Mowry Avenue, Centerville District, Fremont, Alameda County, California, 94536, United States', 'Centerville Fremont! Historic main street with diverse restaurants and shops.', 'https://images.unsplash.com/photo-1449824913935-59a10b8d2000', 40),
(153, 46, 37.5022, -121.9445, 'Fremont Central', '3289, Accelerator Avenue, Fremont, Alameda County, California, 94539, United States', 'Fremont tech corridor! Innovation hub with diverse Asian cuisine everywhere.', 'https://images.unsplash.com/photo-1449824913935-59a10b8d2000', 64),
(154, 28, 37.5172, -122.0473, 'Newark', 'Willow Street, Newark, Alameda County, California, 94560, United States', 'Newark residential peace! Quiet East Bay suburb with easy freeway access.', 'https://images.unsplash.com/photo-1449824913935-59a10b8d2000', 86),
(155, 37, 37.8044, -122.2697, 'Oakland Downtown', '1441, Franklin Street, Downtown, Downtown Oakland, Oakland, Alameda County, California, 94612, United States', 'Downtown Oakland hustle! BART access, First Friday art walks, and local coffee shops.', 'https://images.unsplash.com/photo-1449824913935-59a10b8d2000', 31),
(156, 52, 37.8102, -122.2547, 'Oakland Lake Merritt', '378, Belmont Street, Adams Point, Downtown Oakland, Oakland, Alameda County, California, 94606, United States', 'Lake Merritt jewel! Sunday drum circle, gondola rides, and jogging the lake at sunset.', 'https://images.unsplash.com/photo-1501785888041-af3ef285b470', 44),
(157, 45, 37.8271, -122.2615, 'Oakland Grand Ave', '3815, Webster Street, Pill Hill, North Oakland, Oakland, Alameda County, California, 94609, United States', 'Pill Hill medical district! Hospitals, cute cafes, and Oakland residential charm.', 'https://images.unsplash.com/photo-1449824913935-59a10b8d2000', 79),
(158, 17, 37.8367, -122.2626, 'Oakland Piedmont', '5055, Telegraph Avenue, Temescal, North Oakland, Oakland, Alameda County, California, 94609, United States', 'Temescal vibes! Homestead is legendary and the Alley has amazing boutiques.', 'https://images.unsplash.com/photo-1501785888041-af3ef285b470', 63),
(159, 20, 37.8485, -122.2526, 'Oakland Rockridge', '6074, Claremont Avenue, Rockridge, North Oakland, Oakland, Alameda County, California, 94168, United States', 'Rockridge BART paradise! College Avenue boutiques and Claremont Hotel views.', 'https://images.unsplash.com/photo-1449824913935-59a10b8d2000', 80),
(160, 30, 37.8521, -122.2602, 'Oakland Temescal', '477, 66th Street, North Oakland, Oakland, Alameda County, California, 94705, United States', 'North Oakland residential! Quiet tree-lined streets with Berkeley border charm.', 'https://images.unsplash.com/photo-1449824913935-59a10b8d2000', 31),
(161, 51, 37.8716, -122.2590, 'Berkeley Downtown', 'Campanile Way, Northside, Berkeley, Alameda County, California, 94720, United States', 'Sather Tower views! Cal campus landmark with stunning bay panoramas from the top.', 'https://images.unsplash.com/photo-1449824913935-59a10b8d2000', 18),
(162, 25, 37.8719, -122.2585, 'UC Berkeley', 'Campanile Way, Northside, Berkeley, Alameda County, California, 94720, United States', 'Go Bears! UC Berkeley campus is gorgeous in fall with golden sycamore leaves.', 'https://images.unsplash.com/photo-1562774053-701939374585', 23),
(163, 30, 37.8600, -122.2975, 'Berkeley Marina', 'Fourth Street, Berkeley, Alameda County, California, 94710, United States', 'Fourth Street shopping! Boutiques, restaurants, and easy access to the marina.', 'https://images.unsplash.com/photo-1494412574643-ff11b0a5c1c3', 79),
(164, 32, 37.8799, -122.2688, 'Berkeley North', 'Sunny Side Cafe, Walnut Square, Berkeley, Alameda County, California, 94709, United States', 'North Berkeley foodie heaven! Gourmet Ghetto with Chez Panisse and Cheese Board.', 'https://images.unsplash.com/photo-1449824913935-59a10b8d2000', 65),
(165, 42, 37.9055, -122.2970, 'Albany', '535, Albemarle Street, El Cerrito, Contra Costa County, California, 94530, United States', 'El Cerrito residential! Family-friendly with Wildcat Canyon hiking nearby.', 'https://images.unsplash.com/photo-1449824913935-59a10b8d2000', 69),
(166, 11, 37.9266, -122.3157, 'El Cerrito', '6553, Cutting Boulevard, Richmond, Contra Costa County, California, 94895, United States', 'Richmond industrial grit! Working waterfront with views of the bay and SF skyline.', 'https://images.unsplash.com/photo-1449824913935-59a10b8d2000', 86),
(167, 16, 37.9375, -122.3458, 'Richmond Downtown', '25th Street, Richmond, Contra Costa County, California, 94804, United States', 'Richmond BART corridor! Diverse community with amazing Salvadoran restaurants.', 'https://images.unsplash.com/photo-1449824913935-59a10b8d2000', 39),
(168, 30, 37.9213, -122.3640, 'Point Richmond', '488, Wright Avenue, Richmond, Contra Costa County, California, 94804, United States', 'Point Richmond charm! Small-town feel with bay views and historic architecture.', 'https://images.unsplash.com/photo-1494412574643-ff11b0a5c1c3', 40),
(169, 50, 37.7415, -122.1809, 'San Leandro', 'Ellington Way, Arcadia Park, Oakland, Alameda County, California, 94621, United States', 'East Oakland residential! Diverse community with Bay Farm Island views nearby.', 'https://images.unsplash.com/photo-1449824913935-59a10b8d2000', 90),
(170, 4, 37.6710, -122.0810, 'Hayward', '22772, Main Street, Hayward, Alameda County, California, 94541, United States', 'Historic downtown Hayward! Growing restaurant scene and BART commuter hub.', 'https://images.unsplash.com/photo-1449824913935-59a10b8d2000', 19),
(171, 14, 37.6624, -122.0884, 'Cal State East Bay', '24066, Park Street, Hayward, Alameda County, California, 94541, United States', 'CSUEB nearby! Pioneer spirit and affordable East Bay education access.', 'https://images.unsplash.com/photo-1562774053-701939374585', 94),
(172, 51, 37.6393, -122.0452, 'Union City', '30033, Mountain View Drive, Hayward, Alameda County, California, 94544, United States', 'Hayward hills! Mountain views and quiet suburban streets above the flatlands.', 'https://images.unsplash.com/photo-1449824913935-59a10b8d2000', 90),
(173, 51, 37.7749, -122.2245, 'Oakland Eastlake', 'Fruitvale BART, Oscar Grant III Way, Fruitvale, East Oakland, Oakland, Alameda County, California, 94601, United States', 'Fruitvale Village! Authentic Mexican culture and the Dia de los Muertos festival.', 'https://images.unsplash.com/photo-1449824913935-59a10b8d2000', 90),
(174, 9, 37.7936, -122.2782, 'Oakland Chinatown', 'Oakland Marinas - Oakland Alameda Estuary, Franklin Plaza, Jack London Square, Downtown Oakland, Oakland, Alameda County, California, 94607, United States', 'Jack London Square waterfront! Weekend farmers market and bay breezes.', 'https://images.unsplash.com/photo-1513635269975-59663e0ac1ad', 45),
(175, 5, 37.7976, -122.2823, 'Oakland Jack London', '678, Embarcadero West, Jack London Square, Downtown Oakland, Oakland, Alameda County, California, 94607, United States', 'Waterfront dining scene! Heinold''s First and Last Chance Saloon is historic.', 'https://images.unsplash.com/photo-1449824913935-59a10b8d2000', 98),
(176, 14, 37.8206, -122.2778, 'Oakland Adams Point', '2913, Myrtle Street, Hoover-Foster, West Oakland, Oakland, Alameda County, California, 94612, United States', 'West Oakland evolution! Victorian homes and artist lofts near BART.', 'https://images.unsplash.com/photo-1449824913935-59a10b8d2000', 65),
(177, 32, 37.8358, -122.2500, 'Oakland Montclair', '225, Clifton Street, North Oakland, Oakland, Alameda County, California, 94618, United States', 'Montclair village charm! Hillside living with amazing views and cozy cafes.', 'https://images.unsplash.com/photo-1501785888041-af3ef285b470', 2),
(178, 18, 37.8131, -122.2965, 'Emeryville', '1708, 14th Street, Lower Bottoms, West Oakland, Oakland, Alameda County, California, 94607, United States', 'West Oakland creative scene! Warehouses turning into artist studios and startups.', 'https://images.unsplash.com/photo-1449824913935-59a10b8d2000', 40),
(179, 15, 37.9016, -122.0617, 'Walnut Creek', 'North Main Street, Walnut Creek, Contra Costa County, California, 94596, United States', 'Walnut Creek downtown! Broadway Plaza shopping and amazing restaurant scene.', 'https://images.unsplash.com/photo-1449824913935-59a10b8d2000', 17),
(180, 33, 37.8788, -122.0471, 'Lafayette', 'Rudgear Park And Ride, Rudgear Road, Walnut Creek, Contra Costa County, California, 94596, United States', 'Lafayette commuter base! Park and ride to BART with Lamorinda trails nearby.', 'https://images.unsplash.com/photo-1449824913935-59a10b8d2000', 25),
(181, 36, 37.8534, -122.0311, 'Orinda', '123, South Jackson Way, Alamo, Contra Costa County, California, 94507, United States', 'Alamo horse country! Sprawling estates and rolling hills in the East Bay suburbs.', 'https://images.unsplash.com/photo-1501785888041-af3ef285b470', 88),
(182, 52, 37.8466, -122.1169, 'Moraga', '131, Derby Lane, Moraga, Contra Costa County, California, 94556, United States', 'Moraga small-town peace! Saint Mary''s College and beautiful Lamorinda trails.', 'https://images.unsplash.com/photo-1501785888041-af3ef285b470', 17),
(183, 27, 37.9180, -122.1339, 'Pleasant Hill', 'Buckeye Ranch Trail, Contra Costa County, California, 94549, United States', 'Briones Regional Park access! Amazing hiking and mountain biking trails.', 'https://images.unsplash.com/photo-1449824913935-59a10b8d2000', 18),
(184, 40, 37.9487, -122.0582, 'Concord', 'Safeway, 1978, Contra Costa Boulevard, Courtyard Shopping Center, Pleasant Hill Plaza, Pleasant Hill, Contra Costa County, California, 94523, United States', 'Pleasant Hill shopping! Suburban convenience with easy freeway access.', 'https://images.unsplash.com/photo-1449824913935-59a10b8d2000', 40),
(185, 1, 32.7157, -117.1628, 'San Diego Gaslamp', 'Dunkin'', 225, Broadway, Marina, Banker''s Hill, San Diego, San Diego County, California, 92101, United States', 'Gaslamp Quarter heart! Historic buildings, rooftop bars, and Padres game energy.', 'https://images.unsplash.com/photo-1538097304804-2a1b932466a9', 80),
(186, 5, 32.7196, -117.1627, 'San Diego Little Italy', '1342, 3rd Avenue, Core-Columbia, Cortez Hill, Banker''s Hill, San Diego, San Diego County, California, 92101, United States', 'Cortez Hill views! Downtown SD residential with skyline panoramas.', 'https://images.unsplash.com/photo-1513635269975-59663e0ac1ad', 61),
(187, 41, 32.7341, -117.1492, 'San Diego Hillcrest', 'Front Street Sweet Shack, Front Street, Banker''s Hill, San Diego, San Diego County, California, 92134, United States', 'Banker''s Hill elegance! Historic mansions and Balboa Park steps away.', 'https://images.unsplash.com/photo-1449824913935-59a10b8d2000', 73),
(188, 43, 32.7498, -117.1294, 'San Diego North Park', 'La Boheme Condominiums, 3950, Ohio Street, North Park, San Diego, San Diego County, California, 92104, United States', 'North Park hipster central! Craft beer, murals, and the best coffee in SD.', 'https://images.unsplash.com/photo-1449824913935-59a10b8d2000', 99),
(189, 52, 32.7609, -117.0832, 'San Diego Kensington', '4591, Contour Boulevard, Talmadge, Mid-City, San Diego, San Diego County, California, 92115, United States', 'Talmadge canyon views! Residential charm with stunning SD skyline vistas.', 'https://images.unsplash.com/photo-1449824913935-59a10b8d2000', 87),
(190, 36, 32.7091, -117.1580, 'San Diego Barrio Logan', '715, J Street, East Village, San Diego, San Diego County, California, 92101, United States', 'East Village revival! Petco Park energy and downtown urban living.', 'https://images.unsplash.com/photo-1477959858617-67f85cf4f1df', 58),
(191, 33, 32.7553, -117.2175, 'San Diego Old Town', 'Hancock Street, Midway District, San Diego, San Diego County, California, 92110, United States', 'Midway District evolving! Sports Arena area with diverse food options.', 'https://images.unsplash.com/photo-1513635269975-59663e0ac1ad', 93),
(192, 34, 32.7508, -117.2542, 'Point Loma', 'Cape May Place, Ocean Beach, San Diego, San Diego County, California, 92017, United States', 'OB vibes! Hippie beach town with Dog Beach and sunset pier walks.', 'https://images.unsplash.com/photo-1494412574643-ff11b0a5c1c3', 33),
(193, 8, 32.7219, -117.2369, 'Shelter Island', '3235, Hill Street, Roseville, Point Loma, San Diego, San Diego County, California, 92106, United States', 'Point Loma peninsula! Yacht clubs, fishing boats, and bay sunsets.', 'https://images.unsplash.com/photo-1544551763-46a013bb70d5', 96),
(194, 49, 32.7606, -117.2336, 'Ocean Beach', 'Quivira Road, San Diego, San Diego County, California, 92017, United States', 'Mission Bay marina! Boat rentals, SeaWorld nearby, and endless waterfront fun.', 'https://images.unsplash.com/photo-1507525428034-b723cf961d3e', 15),
(195, 46, 32.7954, -117.2549, 'Pacific Beach', 'Self emBody Therapy, 5330, Mission Boulevard, Mission Beach, San Diego, San Diego County, California, 92121, United States', 'Mission Beach boardwalk! Belmont Park roller coaster and beach volleyball courts.', 'https://images.unsplash.com/photo-1507525428034-b723cf961d3e', 77),
(196, 10, 32.8023, -117.2577, 'Mission Beach', '730, Law Street, San Diego, San Diego County, California, 92109, United States', 'Mission Beach boardwalk bliss! Roller coasters at Belmont Park and beach volleyball.', 'https://images.unsplash.com/photo-1507525428034-b723cf961d3e', 71),
(197, 33, 32.7765, -117.2107, 'Mission Bay', 'Mission Bay Bike Path, Bay Park, San Diego, San Diego County, California, 92110, United States', 'Mission Bay water paradise! Kayaking, paddleboarding, and SeaWorld nearby.', 'https://images.unsplash.com/photo-1501785888041-af3ef285b470', 55),
(198, 49, 32.8328, -117.2713, 'La Jolla Shores', 'Fay Avenue, Beach Barber Tract, La Jolla, San Diego, San Diego County, California, 92037, United States', 'La Jolla beach vibes! World-class snorkeling and kayaking with sea lions.', 'https://images.unsplash.com/photo-1506953823976-52e1fdc0149a', 4),
(199, 32, 32.8448, -117.2728, 'La Jolla Village', 'Herschel Avenue, Village of La Jolla, La Jolla, San Diego, San Diego County, California, 92037, United States', 'La Jolla downtown charm! Boutique shops, galleries, and ocean cove views.', 'https://images.unsplash.com/photo-1449824913935-59a10b8d2000', 37),
(200, 37, 32.8801, -117.2340, 'UCSD Campus', 'Matthews Lane, Torrey Pines, San Diego, San Diego County, California, 92093, United States', 'UCSD excellence! Triton pride, Geisel Library, and cutting-edge research.', 'https://images.unsplash.com/photo-1562774053-701939374585', 75),
(201, 27, 32.9017, -117.2030, 'Del Mar', '6650, Lusk Boulevard, Sorrento Valley, San Diego, San Diego County, California, 92121, United States', 'Sorrento Valley tech hub! Biotech offices and canyon hiking nearby.', 'https://images.unsplash.com/photo-1507525428034-b723cf961d3e', 87),
(202, 34, 32.9595, -117.2653, 'Torrey Pines', 'Americana Restaurant, 1454, Camino del Mar, Del Mar, San Diego County, California, 92014, United States', 'Del Mar luxury! Horse racing season and stunning beach bluffs.', 'https://images.unsplash.com/photo-1501785888041-af3ef285b470', 39),
(203, 21, 32.9482, -117.0681, 'Poway', '12759, Beeler Creek Trail, Pomerado Gardens, Ipai Waaypuk, Poway, San Diego County, California, 92064, United States', 'Poway trail paradise! Lake Poway and Iron Mountain hiking adventures.', 'https://images.unsplash.com/photo-1501785888041-af3ef285b470', 97),
(204, 5, 32.8312, -117.1536, 'Clairemont', '4930, Convoy Street, Convoy District, Kearny Mesa, San Diego, San Diego County, California, 92111, United States', 'Convoy District food mecca! Best Asian cuisine in all of San Diego.', 'https://images.unsplash.com/photo-1449824913935-59a10b8d2000', 26),
(205, 38, 32.8076, -117.1641, 'Linda Vista', '7255, Beagle Street, Mesa College Area, Clairemont, San Diego, San Diego County, California, 92111, United States', 'Mesa College neighborhood! Diverse community with great Vietnamese food.', 'https://images.unsplash.com/photo-1449824913935-59a10b8d2000', 2),
(206, 44, 32.7738, -117.1702, 'Mission Hills', '6961, Glidden Street, San Diego, San Diego County, California, 92111, United States', 'Clairemont residential! Family-friendly with easy freeway access.', 'https://images.unsplash.com/photo-1501785888041-af3ef285b470', 5),
(207, 2, 32.7498, -117.1981, 'Middletown', '4401, Pacific Highway, Old Town, San Diego, San Diego County, California, 92110, United States', 'Old Town history! California''s birthplace with Mexican food and mariachis.', 'https://images.unsplash.com/photo-1449824913935-59a10b8d2000', 18),
(208, 6, 32.7031, -117.1872, 'Coronado Bridge', 'Colorado Street, Coronado, San Diego County, California, 92135, United States', 'Coronado island gateway! Iconic blue bridge with stunning bay views.', 'https://images.unsplash.com/photo-1544551763-46a013bb70d5', 96),
(209, 12, 32.6859, -117.1831, 'Coronado', '827, Tolita Avenue, Coronado, San Diego County, California, 92118, United States', 'Coronado beach luxury! Hotel del Coronado and America''s best beaches.', 'https://images.unsplash.com/photo-1507525428034-b723cf961d3e', 62),
(210, 52, 32.6307, -117.0841, 'Chula Vista', 'Chula Vista Center, Chula Vista, San Diego County, California, 91911, United States', 'Chula Vista growing! New development, diverse food, and bayfront potential.', 'https://images.unsplash.com/photo-1449824913935-59a10b8d2000', 72),
(211, 44, 32.5782, -117.0581, 'Chula Vista East', 'Picador Boulevard, Otay Mesa West, San Diego, San Diego County, California, 92154, United States', 'Otay Mesa border zone! Warehouse district and cross-border commerce hub.', 'https://images.unsplash.com/photo-1449824913935-59a10b8d2000', 33),
(212, 24, 33.0198, -117.0931, 'Escondido', '17025, Via del Campo, San Diego, San Diego County, California, 92127, United States', 'Rancho Bernardo retreat! Golf courses and quiet suburban living.', 'https://images.unsplash.com/photo-1449824913935-59a10b8d2000', 3),
(213, 17, 33.1434, -117.1661, 'San Marcos', 'Inland Rail Trail, San Marcos, San Diego County, California, 92096, United States', 'San Marcos university town! CSUSM energy and craft brewery district.', 'https://images.unsplash.com/photo-1449824913935-59a10b8d2000', 21),
(214, 31, 33.1581, -117.3506, 'Carlsbad Village', 'Better Buzz, 3016, Carlsbad Boulevard, Downtown Carlsbad, Carlsbad, San Diego County, California, 92008, United States', 'Carlsbad village charm! Flower fields, LEGOLAND, and beachside strolls.', 'https://images.unsplash.com/photo-1490750967868-88aa4486c946', 34),
(215, 43, 38.5816, -121.4944, 'Sacramento Downtown', 'La Bou Bakery & Cafe, 900, 9th Street, Downtown, Sacramento, Sacramento County, California, 95814, United States', 'Capitol city buzz! State government, Golden 1 Center, and farm-to-fork dining.', 'https://images.unsplash.com/photo-1555992336-fb0d29498b13', 98),
(216, 45, 38.5775, -121.5016, 'Sacramento Old Town', '500, N Street, Downtown, Sacramento, Sacramento County, California, 95814, United States', 'Sacramento riverside! Old Sacramento historic district and river walks.', 'https://images.unsplash.com/photo-1513635269975-59663e0ac1ad', 73),
(217, 39, 38.5682, -121.4855, 'Sacramento Midtown', '19th Street, Newton Booth, Midtown, Sacramento, Sacramento County, California, 95811, United States', 'Midtown vibes! Art galleries, craft cocktails, and Sacramento''s cool scene.', 'https://images.unsplash.com/photo-1449824913935-59a10b8d2000', 82),
(218, 45, 38.5556, -121.4689, 'Sacramento Land Park', 'X Street Y Street Alley, North Oak Park, Oak Park, Sacramento, Sacramento County, California, 95817, United States', 'Oak Park revival! Emerging arts district with diverse community roots.', 'https://images.unsplash.com/photo-1501785888041-af3ef285b470', 4),
(219, 48, 38.5417, -121.4956, 'Sacramento Curtis Park', 'William Land Golf Course, 1701, Sutterville Road, South Land Park, Sacramento, Sacramento County, California, 95822, United States', 'Land Park green space! Zoo, Fairytale Town, and beautiful tree-lined streets.', 'https://images.unsplash.com/photo-1449824913935-59a10b8d2000', 13),
(220, 32, 38.5950, -121.5145, 'Sacramento River District', '588, Watercourse Lane, Broderick, West Sacramento, Yolo County, California, 95605, United States', 'West Sac waterfront! Raley Field baseball and growing urban development.', 'https://images.unsplash.com/photo-1494412574643-ff11b0a5c1c3', 26),
(221, 20, 38.5891, -121.4650, 'Sacramento Alkali Flat', 'American River Bike Trail, Sacramento, Sacramento County, California, 95815, United States', 'American River Parkway! 32 miles of biking and rafting adventures.', 'https://images.unsplash.com/photo-1449824913935-59a10b8d2000', 31),
(222, 38, 38.6046, -121.4339, 'Sacramento Del Paso', 'Capital City Freeway, Swanston, Sacramento, Sacramento County, California, 95815, United States', 'North Sacramento connection! Quick freeway access to downtown.', 'https://images.unsplash.com/photo-1449824913935-59a10b8d2000', 10),
(223, 21, 38.5664, -121.4095, 'Sacramento East', 'Campus Commons, Sacramento, Sacramento County, California, 95819, United States', 'Campus Commons luxury! CSUS nearby and American River jogging paths.', 'https://images.unsplash.com/photo-1449824913935-59a10b8d2000', 88),
(224, 34, 38.5853, -121.5500, 'West Sacramento', '3000, Duluth Street, West Sacramento, Yolo County, California, 95691, United States', 'West Sacramento growth! Affordable housing and easy downtown access.', 'https://images.unsplash.com/photo-1449824913935-59a10b8d2000', 95),
(225, 17, 38.6519, -121.5177, 'North Sacramento', 'Sports Parkway, Sacramento, Sacramento County, California, 95834, United States', 'Natomas sports! Sleep Train Arena memories and new development coming.', 'https://images.unsplash.com/photo-1449824913935-59a10b8d2000', 81),
(226, 40, 38.6543, -121.4524, 'Arden Arcade', '4775, Taylor Street, Robla, Sacramento, Sacramento County, California, 95838, United States', 'Robla neighborhood! Working class roots with affordable Sacramento living.', 'https://images.unsplash.com/photo-1449824913935-59a10b8d2000', 56),
(227, 30, 38.6780, -121.3500, 'Citrus Heights', 'Hillsdale Boulevard, Sacramento County, California, 95741, United States', 'Citrus Heights suburban life! Shopping, parks, and family-friendly vibe.', 'https://images.unsplash.com/photo-1449824913935-59a10b8d2000', 73),
(228, 1, 38.6415, -121.3824, 'Fair Oaks', '3546, Longview Drive, Sacramento County, California, 95660, United States', 'Fair Oaks village charm! Historic town with chickens roaming free!', 'https://images.unsplash.com/photo-1501785888041-af3ef285b470', 56),
(229, 39, 38.6270, -121.3360, 'Orangevale', '3426, Garfield Avenue, Carmichael, Sacramento County, California, 95608, United States', 'Carmichael calm! Quiet streets and American River access points.', 'https://images.unsplash.com/photo-1449824913935-59a10b8d2000', 13),
(230, 5, 38.6857, -121.2714, 'Folsom Downtown', 'Sunrise Boulevard, Citrus Heights, Sacramento County, California, 95610, United States', 'Sunrise Boulevard corridor! Shopping, dining, and easy commute options.', 'https://images.unsplash.com/photo-1449824913935-59a10b8d2000', 60),
(231, 17, 38.6821, -121.1761, 'Folsom Lake', 'Heart Rock, Greenback Lane, Old Town Folsom, Represa, Folsom, Sacramento County, California, 95671, United States', 'Old Folsom history! Sutter Street shops and Folsom Lake recreation.', 'https://images.unsplash.com/photo-1501785888041-af3ef285b470', 6),
(232, 50, 38.7340, -121.2387, 'Granite Bay', 'Salisbury Court, Roseville, Placer County, California, 95661, United States', 'Granite Bay wealth! Lakefront estates and Folsom Lake luxury living.', 'https://images.unsplash.com/photo-1501785888041-af3ef285b470', 97),
(233, 15, 38.7521, -121.2880, 'Roseville Downtown', 'Main at Washington, Main Street, Roseville, Placer County, California, 95678, United States', 'Historic Roseville! Antique shops, breweries, and small-town charm.', 'https://images.unsplash.com/photo-1441986300917-64674bd600d8', 50),
(234, 39, 38.7784, -121.2585, 'Roseville West', 'Antelope Creek Elementary School, Piton Way, Rocklin, Placer County, California, 95661, United States', 'Rocklin family hub! Top-rated schools and new suburban development.', 'https://images.unsplash.com/photo-1449824913935-59a10b8d2000', 7),
(235, 36, 38.7399, -121.2294, 'Roseville East', '811-824, Slate Creek Apartments, Roseville, Placer County, California, 95746, United States', 'East Roseville growth! New apartments and easy freeway commutes.', 'https://images.unsplash.com/photo-1449824913935-59a10b8d2000', 36),
(236, 51, 38.7997, -121.2325, 'Lincoln', '2754, Sweetwater Drive, Rocklin, Placer County, California, 95677, United States', 'Rocklin residential! Sierra College nearby and growing community.', 'https://images.unsplash.com/photo-1449824913935-59a10b8d2000', 22),
(237, 22, 38.5616, -121.5490, 'Davis Downtown', 'Stone Boulevard, West Sacramento, Yolo County, California, 95691, United States', 'West Sac connection! Bridge to Sacramento and growing restaurant scene.', 'https://images.unsplash.com/photo-1449824913935-59a10b8d2000', 92),
(238, 26, 38.5449, -121.7405, 'UC Davis', '615, 3rd Street, Downtown Davis, Davis, Yolo County, California, 95616, United States', 'Davis bike paradise! UC Davis campus, farmers market, and college town vibes.', 'https://images.unsplash.com/photo-1562774053-701939374585', 45),
(239, 18, 38.5046, -121.4433, 'Elk Grove', '6778, Austin Way, Parkway-South Sacramento, Sacramento County, California, 95823, United States', 'South Sacramento suburban! Growing diverse community with new development.', 'https://images.unsplash.com/photo-1449824913935-59a10b8d2000', 38),
(240, 5, 38.4468, -121.3715, 'Galt', 'Elk Grove Florin Road, Elk Grove, Sacramento County, California, 95624, United States', 'Elk Grove charm! Family-focused community with great parks and schools.', 'https://images.unsplash.com/photo-1500382017468-9049fed747ef', 25),
(241, 10, 38.6679, -121.5849, 'Natomas', 'Bayou Way, Sacramento County, California, 95837, United States', 'Natomas wetlands! Wildlife preserves and new housing developments.', 'https://images.unsplash.com/photo-1449824913935-59a10b8d2000', 99),
(242, 42, 38.7591, -121.5356, 'North Natomas', 'Sutter County, California, United States', 'Sutter County farmland! Rural California with agricultural heritage.', 'https://images.unsplash.com/photo-1449824913935-59a10b8d2000', 2),
(243, 5, 38.6101, -121.3864, 'Rancho Cordova', 'Wingstop, 3308, El Camino Avenue, Arden-Arcade, Sacramento County, California, 95821, United States', 'Arden Mall area! Shopping, dining, and established Sacramento living.', 'https://images.unsplash.com/photo-1449824913935-59a10b8d2000', 97),
(244, 1, 38.6465, -121.2753, 'Gold River', 'Orange Avenue, Fair Oaks, Sacramento County, California, 95628, United States', 'Fair Oaks bluffs! American River views and upscale suburban homes.', 'https://images.unsplash.com/photo-1501785888041-af3ef285b470', 55),
(245, 48, 37.6547, -122.4077, 'South San Francisco', 'Airport Boulevard, South San Francisco, San Mateo County, California, 94083, United States', 'SSF industrial! Biotech corridor and SFO airport convenience.', 'https://images.unsplash.com/photo-1449824913935-59a10b8d2000', 25),
(246, 6, 37.6688, -122.4693, 'Daly City Westlake', 'Flyers Convenience Store, 501, Serramonte Boulevard, Serramonte, Daly City, San Mateo County, California, 94015, United States', 'Serramonte shopping! Mall life with fog and suburban Peninsula vibes.', 'https://images.unsplash.com/photo-1449824913935-59a10b8d2000', 36),
(247, 15, 37.6391, -122.4658, 'Pacifica', '178, Panorama Court, Pacifica, San Mateo County, California, 94044, United States', 'Pacifica surf town! Linda Mar Beach and coastal small-town character.', 'https://images.unsplash.com/photo-1507525428034-b723cf961d3e', 12),
(248, 11, 37.4852, -122.2364, 'Atherton', '1201, Brewster Avenue, Redwood City, San Mateo County, California, 94062, United States', 'Redwood City downtown! Courthouse Square and Peninsula urban life.', 'https://images.unsplash.com/photo-1501785888041-af3ef285b470', 15),
(249, 20, 37.4688, -122.1411, 'Palo Alto Downtown', 'University Avenue & Runnymede Street, University Avenue, East Palo Alto, San Mateo County, California, 94301, United States', 'University Ave hub! Stanford proximity and Silicon Valley innovation.', 'https://images.unsplash.com/photo-1449824913935-59a10b8d2000', 84),
(250, 22, 37.4137, -122.1564, 'Los Altos Hills', 'Lucille M. Nixon Elementary School, 1711, Stanford Avenue, Rains Houses, Santa Clara County, California, 94305, United States', 'Stanford campus gateway! World-class research and beautiful architecture.', 'https://images.unsplash.com/photo-1501785888041-af3ef285b470', 32),
(251, 1, 37.3178, -121.9433, 'Campbell', '524, South Monroe Street, San Jose, Santa Clara County, California, 95128, United States', 'West San Jose living! Santana Row nearby and diverse neighborhoods.', 'https://images.unsplash.com/photo-1449824913935-59a10b8d2000', 67),
(252, 19, 37.2872, -122.0261, 'Monte Sereno', '20158, Sea Gull Way, Blue Hills, Saratoga, Santa Clara County, California, 95070, United States', 'Saratoga hills! Wine country vibes and Silicon Valley executive homes.', 'https://images.unsplash.com/photo-1501785888041-af3ef285b470', 89),
(253, 45, 37.6153, -122.3896, 'San Bruno', 'Arrivals, San Mateo County, California, 94128, United States', 'SFO arrivals! International gateway and airport hotel district.', 'https://images.unsplash.com/photo-1449824913935-59a10b8d2000', 85),
(254, 16, 37.5881, -122.3861, 'Millbrae', 'Burlingame Intermediate School, Quesada Way, Burlingame Village, Burlingame, San Mateo County, California, 94030, United States', 'Burlingame village! Broadway shopping and upscale Peninsula lifestyle.', 'https://images.unsplash.com/photo-1449824913935-59a10b8d2000', 51);

INSERT INTO comment(pinID, accountID, comment) VALUES
(119, 30, 'Love this hidden gem in Eagle Rock! Great coffee shops and vintage stores everywhere.'),
(213, 29, 'San Marcos has really grown! The university brings so much energy to this area.'),
(154, 37, 'Newark is quietly becoming one of the best places to live in the East Bay.'),
(54, 7, 'Amazing wine tasting experience in Paso Robles! The sunset views are incredible.'),
(180, 31, 'Lafayette has the perfect small-town feel with easy BART access to SF.'),
(198, 20, 'La Jolla Shores is my favorite beach! Perfect for swimming and seal watching.'),
(237, 23, 'Davis is such a bike-friendly college town. Love the farmers market here!'),
(34, 27, 'Nothing beats a Malibu sunset. This spot never disappoints!'),
(178, 19, 'Emeryville has transformed so much - great restaurants and shopping now.'),
(215, 23, 'Sacramento downtown is thriving! So many new restaurants and art galleries.'),
(182, 31, 'Moraga is one of the most peaceful suburbs in the East Bay. Great for families.'),
(118, 17, 'Highland Park is so trendy now! The vintage shops and food scene are amazing.'),
(11, 41, 'The fog in Daly City is no joke, but it gives the place character.'),
(63, 23, 'Mission District has the best burritos in SF, hands down!'),
(46, 37, 'Vallejo waterfront is underrated. Beautiful views and getting better every year.'),
(140, 19, 'San Mateo downtown is really walkable with great restaurants and shops.'),
(66, 26, 'Castro is such an iconic neighborhood with amazing history and culture.'),
(176, 20, 'Adams Point is one of Oakland most beautiful neighborhoods, right by the lake.'),
(32, 2, 'Thousand Oaks offers stunning hiking trails and a peaceful suburban atmosphere.'),
(17, 17, 'Monterey Bay is breathtaking! Perfect for a weekend getaway with the aquarium nearby.'),
(216, 48, 'Old Sacramento is like stepping back in time - great for tourists and history buffs!'),
(108, 23, 'Beverly Hills living up to the hype! Rodeo Drive is worth seeing at least once.'),
(60, 52, 'North Beach has authentic Italian restaurants and amazing sourdough bread.'),
(74, 39, 'Bayview is changing rapidly with new development but keeping its community spirit.'),
(132, 35, 'The new Apple Park is an architectural marvel! Cupertino is tech central.'),
(157, 22, 'Grand Avenue in Oakland has fantastic brunch spots and boutique shops.'),
(96, 49, 'Pasadena Old Town is charming with great architecture and dining options.'),
(51, 9, 'Ukiah vineyards are a hidden treasure in Northern California wine country.'),
(236, 39, 'Lincoln is growing fast but still has that small town charm I love.'),
(208, 48, 'The Coronado Bridge offers the most spectacular views of San Diego Bay!'),
(169, 15, 'San Leandro is quietly becoming one of the East Bay best kept secrets.'),
(151, 36, 'Warm Springs BART station has really sparked development in this part of Fremont.'),
(208, 15, 'Driving over the Coronado Bridge at sunset is absolutely magical.'),
(90, 50, 'Echo Park Lake is beautiful! The lotus flowers in summer are stunning.'),
(163, 42, 'Berkeley Marina has the best views of SF and the Golden Gate Bridge.'),
(231, 11, 'Folsom Lake is perfect for kayaking and hiking! Such a beautiful reservoir.'),
(122, 14, 'Tarzana is a quiet valley neighborhood with easy access to hiking trails.'),
(91, 22, 'Silver Lake has the coolest coffee shops and such a vibrant creative community.'),
(254, 13, 'Millbrae is super convenient with both BART and Caltrain access to SF.'),
(112, 34, 'Koreatown has incredible Korean BBQ and karaoke spots open late!'),
(177, 27, 'Montclair village feels like a small town hidden in the Oakland hills.'),
(237, 24, 'UC Davis campus is gorgeous! The arboretum is perfect for a peaceful walk.'),
(87, 13, 'LA Union Station is an architectural gem! The art deco design is stunning.'),
(69, 1, 'Dolores Park on a sunny day is the most SF experience you can have!'),
(158, 28, 'Piedmont is one of the most beautiful residential areas in the Bay Area.'),
(152, 32, 'Fremont has really diversified with amazing restaurants from around the world.'),
(129, 35, 'Santa Clara University campus is absolutely beautiful with the mission architecture.'),
(230, 49, 'Folsom downtown has great shops and restaurants, plus tons of history.'),
(97, 47, 'CalTech campus is incredible! The scientific innovation happening here is amazing.'),
(35, 30, 'Victorville desert landscapes are otherworldly. Great stargazing spot!');